{
  "product_id": "demo_product_001",
  "attr_name": "Color",
  "num_candidates": 10,
  "num_keyframes": 3,
  "score_min": 0.0,
  "score_max": 1.0,
  "score_mean": 0.3703918796032667,
  "score_std": 0.4059259171935135,
  "scores": [
    1.0,
    0.2794472277164459,
    0.18472689390182495,
    0.0,
    0.11645785719156265,
    0.04468034580349922,
    0.9331245422363281,
    0.1454819291830063,
    1.0,
    0.0
  ],
  "keyframe_indices": [
    0,
    8,
    6
  ],
  "saved_at": "2025-11-30T02:06:18.538258"
}