{
  "total_samples": 325,
  "overall_f1": 0.27692307692307694,
  "overall_accuracy": 0.27692307692307694,
  "by_category": {
    "beauty": {
      "count": 325,
      "f1": 0.27692307692307694,
      "accuracy": 0.27692307692307694
    }
  },
  "by_attribute": {
    "Color": {
      "count": 42,
      "f1": 0.30952380952380953,
      "accuracy": 0.30952380952380953
    },
    "Hair Type": {
      "count": 21,
      "f1": 0.047619047619047616,
      "accuracy": 0.047619047619047616
    },
    "Brand": {
      "count": 88,
      "f1": 0.36363636363636365,
      "accuracy": 0.36363636363636365
    },
    "Power Source": {
      "count": 5,
      "f1": 0.0,
      "accuracy": 0.0
    },
    "Item Form": {
      "count": 56,
      "f1": 0.21428571428571427,
      "accuracy": 0.21428571428571427
    },
    "Skin Type": {
      "count": 26,
      "f1": 0.46153846153846156,
      "accuracy": 0.46153846153846156
    },
    "Finish Type": {
      "count": 18,
      "f1": 0.2222222222222222,
      "accuracy": 0.2222222222222222
    },
    "Material": {
      "count": 19,
      "f1": 0.3684210526315789,
      "accuracy": 0.3684210526315789
    },
    "Scent": {
      "count": 17,
      "f1": 0.17647058823529413,
      "accuracy": 0.17647058823529413
    },
    "Country of Origin": {
      "count": 15,
      "f1": 0.13333333333333333,
      "accuracy": 0.13333333333333333
    },
    "Head Type": {
      "count": 2,
      "f1": 0.0,
      "accuracy": 0.0
    },
    "Shape": {
      "count": 5,
      "f1": 0.6,
      "accuracy": 0.6
    },
    "Mounting Type": {
      "count": 2,
      "f1": 0.0,
      "accuracy": 0.0
    },
    "Skin Tone": {
      "count": 2,
      "f1": 0.0,
      "accuracy": 0.0
    },
    "Package Type": {
      "count": 2,
      "f1": 0.0,
      "accuracy": 0.0
    },
    "Pattern": {
      "count": 1,
      "f1": 1.0,
      "accuracy": 1.0
    },
    "Theme": {
      "count": 2,
      "f1": 0.0,
      "accuracy": 0.0
    },
    "Fabric Type": {
      "count": 1,
      "f1": 0.0,
      "accuracy": 0.0
    },
    "Frame Type": {
      "count": 1,
      "f1": 0.0,
      "accuracy": 0.0
    }
  }
}